Verb,Noun,Labels
eat,camera,['L']
absorb,tax,"['N', 'N']"
attack,supporter,"['L', 'L']"
kill,million,"['L', 'L', 'L', 'L']"
knock,thing,"['N', 'N', 'L']"
fix,it,"['N', 'N', 'N', 'N', 'N', 'N', 'N', 'L', 'N', 'L', 'L', 'L', 'L']"
roll,model,['N']
attack,them,['L']
drink,stuff,['L']
pump,power,"['L', 'L']"
miss,deadline,"['N', 'N', 'N', 'L', 'L', 'L']"
examine,oversight,['N']
lend,friend,['L']
flourish,best,['N']
grab,piece,"['N', 'N']"
flood,country,"['N', 'L', 'L']"
smooth,relation,"['N', 'N']"
kick,chair,['L']
grasp,precept,['N']
knock,program,['L']
target,Aeronautics,['L']
plant,percentage,"['L', 'L']"
rest,Ward,['N']
plant,fence-row,"['L', 'L']"
kick,intervention,['N']
knock,mansion,['N']
fill,tank,['L']
grasp,problem,['N']
escape,attention,['N']
grab,flesh,['L']
kill,Angolans,['L']
miss,beginning,['L']
attack,menace,['L']
touch,month,['L']
roll,egg,['N']
fix,thing,"['N', 'N']"
lend,equal,['L']
strike,tax,['L']
knock,market,"['L', 'L']"
assault,demonstrator,['N']
miss,piece,['N']
knock,firefighter,['L']
lend,piece,['L']
rest,platform,['N']
melt,ornament,['L']
attack,Community,['N']
strike,100,['L']
lend,slice,['L']
pump,cash,"['N', 'N', 'N', 'L', 'L']"
plow,course,['L']
attack,firm,['N']
escape,competition,['N']
examine,concept,['N']
target,money,['N']
strike,bargain,"['N', 'L']"
strike,Matra,['N']
strike,area,['L']
assault,Times,['L']
lend,Street,['L']
attack,this,['L']
dissolve,side,['N']
knock,knock-off,['N']
examine,impact,['L']
kick,season,['N']
fix,which,"['L', 'L']"
roll,standard,['N']
rest,controversy,['N']
absorb,debt,['N']
miss,accomplishment,['N']
drink,salute,['L']
drink,Walker,"['L', 'L']"
smooth,process,['N']
drag,company,['N']
drink,glass,"['L', 'N']"
target,protein,['N']
examine,pro,['L']
strike,edifice,['N']
fill,rack,['L']
smooth,consistency,['L']
miss,book,['L']
attack,insect,['N']
assault,request,['N']
fix,handful,['L']
examine,document,"['N', 'L']"
stick,hand,['N']
fill,press,['N']
target,it,"['N', 'N']"
touch,base,['L']
kick,fanny,['N']
pump,trouble,['N']
lend,Stocks,['L']
assault,Gorbachev,['N']
melt,it,"['N', 'N', 'L']"
absorb,flood,['L']
kill,proposal,['N']
drag,indicator,['N']
pour,round,['L']
grab,cab,['L']
melt,scrap,['L']
ride,home,['L']
stick,men,['N']
touch,high,"['N', 'N', 'N']"
escape,rule,['L']
lend,million,['L']
touch,friend,['N']
target,one,['N']
destroy,mineral,['L']
grab,business,"['N', 'N']"
examine,accident,['N']
dissolve,one,['N']
kill,Arabs,"['L', 'L', 'L']"
attack,Republicans,['L']
knock,currency,['L']
roll,German,['L']
pour,sum,"['N', 'N', 'N']"
stumble,mention,['N']
kill,soldier,"['L', 'L', 'L']"
kick,you,"['N', 'N']"
plant,which,"['N', 'L', 'L']"
destroy,marrow,['N']
target,rate,"['N', 'L']"
roll,line,"['N', 'N', 'N', 'N', 'N', 'L', 'L']"
drag,development,['N']
roll,conquest,['N']
plant,time,['L']
fly,patrol,['L']
destroy,fall,['N']
escape,system,['L']
attack,financing,['N']
flood,bank,"['N', 'L']"
flood,grocer,['L']
pump,water,"['N', 'L', 'L', 'L']"
kill,giant,['N']
attack,effort,"['N', 'N']"
destroy,apartheid,['N']
drag,train,['L']
strike,analyst,['N']
target,Farmers,['N']
kill,system,['L']
strike,reinforcement,['N']
miss,that,['L']
destroy,secrecy,['L']
grab,text,['N']
touch,Missy,['N']
touch,Security,['L']
lend,13,['L']
fix,cavity,['L']
drink,brand,['L']
miss,Olson,['L']
strike,rule,['L']
escape,scrutiny,"['L', 'L']"
attack,crocus,['L']
examine,exotica,['N']
examine,book,"['N', 'L', 'L']"
drag,fund,['N']
escape,disaster,['N']
dissolve,contract,['N']
attack,accord,['N']
assault,woman,"['L', 'L', 'L', 'L']"
attack,Mitterrand,['N']
cool,trading,['N']
eat,cake,['L']
drag,heel,"['N', 'N', 'N', 'N']"
touch,market,['N']
miss,story,['L']
destroy,painting,['L']
drink,dop,['N']
cool,boom,['N']
smooth,spot,['N']
absorb,cost,"['N', 'N', 'N', 'N', 'L', 'L', 'L']"
destroy,Israel,['L']
knock,gene,['N']
smooth,it,"['N', 'N']"
eat,pork,['N']
assault,man,['L']
knock,the,['L']
eat,chicken,['L']
roll,Dukakis,['N']
miss,part,['L']
pump,move,['N']
miss,ingredient,['N']
grab,$,['L']
flood,they,"['N', 'L']"
melt,Belarus,['L']
lend,hundred,['L']
smooth,much,['N']
miss,work,"['N', 'L', 'L']"
escape,bar,['N']
eat,bar,['N']
dissolve,partnership,"['N', 'N', 'L', 'L']"
ride,trail,['N']
knock,He,['L']
attack,Congress,['N']
miss,uptick,['L']
knock,corner,['N']
attack,legislation,['N']
stick,he,"['N', 'N', 'N']"
smooth,transition,"['N', 'N', 'L']"
lend,firm,['L']
grab,audience,"['N', 'L']"
attack,intention,['L']
strike,bottom,['N']
cool,equipment,"['L', 'L']"
knock,fish,['N']
absorb,selling,['N']
step,spiel,['N']
examine,home,['L']
plow,time,['L']
roll,version,['N']
target,region,['L']
kill,attendant,"['L', 'L']"
grasp,check,['L']
ride,it,['L']
destroy,guy,['L']
touch,buying,"['N', 'N', 'L']"
smooth,career,['N']
step,criticism,"['N', 'N']"
dissolve,facility,['N']
kill,flier,['L']
ride,subway,['L']
kill,three,['L']
lend,RJR,['L']
pour,gasoline,"['L', 'N']"
fix,institution,['L']
sleep,two,['L']
roll,mill,['L']
pump,steam,['L']
drag,foot,"['N', 'N', 'N', 'N', 'N', 'N', 'N', 'N', 'N', 'N', 'N', 'N', 'N', 'N']"
examine,room,['L']
examine,%,['N']
pump,Wyoming,['L']
pump,oil,"['L', 'N', 'N', 'N', 'N', 'N', 'N', 'N', 'L', 'L']"
vaporize,tumor,['N']
melt,which,['L']
destroy,unit,['L']
grab,outlet,['N']
grab,lead,['N']
fill,life,['N']
step,Research,['N']
flood,insurer,['L']
cool,pressure,"['N', 'N']"
touch,trading,['N']
melt,statue,"['N', 'N']"
wither,tree,['L']
eat,habit,['L']
pump,vigor,['N']
escape,burden,"['N', 'N']"
knock,Co.,"['N', 'N']"
flood,U.S.,"['N', 'N']"
target,economy,['N']
target,instance,['N']
kick,Anheuser,['N']
attack,Jalalabad,['L']
kick,Jim,['N']
kill,protester,['L']
attack,deficit,"['N', 'N']"
cool,overheating,['N']
eat,kilogram,"['L', 'L']"
grasp,essential,['N']
miss,'em,['L']
eat,dirt,['N']
drown,themselves,['N']
destroy,morale,['N']
touch,life,['L']
plow,revenue,['N']
ride,roller-coaster,['L']
ride,herd,['N']
absorb,production,['L']
dissolve,board,['N']
grab,everything,['N']
kill,bill,"['L', 'L']"
dance,Penitent,['N']
touch,something,['N']
knock,trading,['N']
fill,post,"['L', 'L', 'L', 'L', 'L', 'L', 'L']"
kick,water,['L']
grab,cylinder,['L']
dissolve,week,"['N', 'N']"
absorb,%,"['N', 'N', 'L', 'L']"
rest,soul,['N']
stick,traveler,"['N', 'N']"
drag,offense,['N']
pour,labor,['N']
roll,partnership,"['N', 'N']"
pour,14,['N']
kick,campaign,"['N', 'N', 'N']"
pour,wine,['L']
grasp,pitchfork,['L']
step,ladder,['L']
absorb,Me.T.A,"['N', 'N']"
miss,greedseekers,['N']
knock,item,['N']
escape,trap,['N']
cool,obsession,['N']
assault,who,['L']
escape,risk,['N']
destroy,company,"['N', 'N', 'L']"
miss,What,['L']
target,10,['N']
grab,bag,['N']
drag,economy,"['N', 'N']"
attack,leader,['L']
eat,word,"['N', 'L', 'L']"
touch,contest,['N']
fix,many,['L']
eat,any,['L']
grasp,air,['L']
fill,bill,['N']
assault,one,['L']
absorb,people,['N']
grab,roll,['L']
destroy,prospect,['L']
destroy,you,['L']
fly,formation,['L']
drink,milk,"['N', 'L', 'L']"
touch,arm,['L']
knock,one,"['N', 'N']"
knock,amendment,"['N', 'N']"
target,type,['N']
destroy,that,['L']
roll,Mall,['L']
absorb,pressure,['N']
roll,CDs,['N']
destroy,home,"['N', 'L', 'L', 'L']"
plow,Much,['N']
destroy,kind,['N']
melt,snow,['L']
plant,tree,"['L', 'L', 'L', 'L', 'L']"
step,coverage,['L']
kill,residing,['L']
attack,Eddy,['L']
drag,distance,['L']
roll,issue,['N']
strike,we,"['N', 'L']"
grab,protein,['N']
drag,thing,['N']
fix,level,['L']
drag,price,"['N', 'N', 'N', 'N', 'N', 'N', 'L', 'L']"
target,service,['L']
drink,bitter,['N']
grasp,it,"['L', 'L', 'L']"
eat,fruit,['L']
kick,people,['N']
absorb,most,['L']
drag,result,['N']
ride,freight,['L']
attack,promiscuity,['L']
pump,%,['L']
destroy,chapel,['L']
pump,blood,"['L', 'L']"
grab,proposal,['N']
attack,competition,['N']
dance,hula,"['L', 'L']"
roll,them,"['N', 'N']"
absorb,which,['L']
stick,Pulte,['N']
touch,run,['L']
assault,her,['L']
strike,plant,"['L', 'L', 'L']"
examine,behavior,['L']
miss,essential,['N']
kill,47,['L']
attack,type,['N']
kick,hole,['L']
eat,food,"['L', 'L', 'L']"
target,market,['L']
kick,question,['L']
destroy,all,['L']
eat,young,"['N', 'L']"
cool,complaint,['N']
pump,Pentagon,['N']
knock,cover,['N']
attack,asset,['N']
pump,crude,"['N', 'L', 'L']"
examine,suit,['L']
touch,economic,['L']
examine,competition,['N']
lend,engineer,['L']
eat,stuff,['L']
dissolve,agreement,"['N', 'N', 'N', 'N']"
drink,champagne,['L']
roll,eye,"['L', 'L', 'L', 'N']"
drag,woman,['L']
kick,it,['N']
attack,group,"['L', 'L']"
eat,dinner,['N']
dissolve,Armee,['N']
fly,7,['L']
attack,cow,['N']
strike,coin,['L']
fly,757s,['N']
strike,terror,['N']
drag,performance,"['N', 'N']"
pour,dipper,"['L', 'L']"
plant,oat,"['L', 'L']"
fill,u,['N']
smooth,cycle,['N']
pour,money,"['N', 'N', 'N', 'N', 'N', 'N', 'N', 'N', 'N', 'N', 'N', 'N', 'N', 'N', 'N', 'L', 'L']"
pour,face,['N']
fill,They,['L']
attack,board,['L']
miss,gain,['L']
besiege,who,['N']
target,first,['N']
eat,part,['L']
destroy,institution,['N']
fly,head,['L']
kill,Shoreham,['N']
flow,way,['N']
grasp,principle,"['N', 'L']"
target,customer,"['N', 'N']"
fly,flag,"['L', 'L', 'L']"
dissolve,fragment,['L']
flood,saving,['N']
grab,publicity,['L']
destroy,Meese,['N']
cool,craze,['N']
dissolve,clot,"['L', 'L', 'L', 'L', 'L', 'L', 'L', 'L', 'L', 'L', 'L', 'L', 'L', 'L', 'L']"
escape,slowdown,['N']
grasp,lead,['L']
fill,them,"['N', 'L']"
drink,lot,"['N', 'L', 'L']"
examine,both,['N']
miss,Moscow,['L']
kill,deal,['N']
absorb,carrier,['N']
attack,Askew,['L']
touch,decline,"['L', 'L']"
examine,disclosure,['L']
pump,sale,['N']
fix,percentage,['N']
destroy,trust,['N']
pump,10,['L']
stick,GM,['N']
miss,cheese,['L']
target,some,['N']
flood,yard,['L']
plant,mine,"['N', 'N']"
examine,individual,['L']
destroy,base,"['L', 'L']"
kill,them,['L']
rest,base,['N']
examine,practice,['N']
absorb,technology,['N']
absorb,adult,['L']
kick,pro,['N']
pour,paper,['N']
destroy,target,['L']
eat,cracker,['L']
drag,Results,['L']
drink,anything,['L']
stick,they,['N']
fly,fellow,['N']
miss,rigor,['L']
die,death,"['N', 'L']"
flood,newspaper,['N']
drag,him,['L']
attack,platform,['L']
escape,stricture,['N']
grasp,opportunity,['L']
examine,force,"['N', 'N']"
smooth,way,"['N', 'N', 'N', 'L']"
grab,rating,['N']
target,buyer,['N']
examine,incentive,['N']
attack,law,['L']
destroy,stone,['L']
kill,insect,['L']
cool,bit,"['N', 'N', 'N', 'N']"
destroy,ability,"['L', 'L']"
assault,they,"['L', 'L']"
melt,heart,['N']
target,Americans,['N']
examine,bank,['L']
eat,Flakes,['L']
roll,payment,['N']
knock,target,['N']
knock,they,['N']
flood,shop,['L']
dissolve,agent,['L']
target,price,['N']
destroy,hiccup,['N']
absorb,rest,['N']
attack,ticket,['L']
kill,you,['L']
knock,service,['N']
examine,sealife,['L']
kill,boy,"['L', 'L']"
strike,program,['N']
drag,body,['L']
dance,season,['L']
drag,Some,['L']
kill,Boesky,['L']
pump,billion,['N']
drag,rate,['N']
strike,chime,['L']
step,bus,['L']
assault,confidence,['N']
pump,million,['N']
absorb,portion,['N']
fill,sack,['N']
plant,seed,"['N', 'N']"
step,effort,"['N', 'N', 'N', 'N', 'N', 'N', 'N', 'N']"
destroy,which,"['L', 'L']"
kick,Americans,['N']
absorb,employee,['N']
kill,American,['L']
touch,slide,['L']
target,Embassy,['L']
dissolve,group,"['N', 'L', 'L']"
destroy,plane,['L']
ride,hour,['L']
pour,profusion,['N']
fill,morgue,['L']
absorb,rise,['L']
fix,error,['N']
escape,quota,['N']
assault,House,['L']
destroy,subjectivity,['N']
attack,village,['L']
kick,himself,"['N', 'N']"
miss,boat,"['N', 'N', 'N', 'N']"
eat,what,"['N', 'L']"
strike,compromise,"['L', 'L']"
grasp,idea,['N']
kill,me,['L']
touch,promotion,['L']
ride,donkey,['L']
knock,element,['N']
kill,Palestinians,['L']
escape,blame,['L']
pass,crag,['L']
knock,impediment,['N']
lend,credit,['L']
rain,inch,['L']
cool,spree,['N']
dance,premiere,['N']
pour,$,"['N', 'N', 'N', 'N', 'N', 'N', 'N', 'N', 'N']"
destroy,house,"['L', 'L']"
step,inspection,['N']
absorb,Corp,"['N', 'N']"
target,Japanese,['L']
sleep,most,['L']
eat,pound,['L']
attack,dissent,['N']
touch,administration,['N']
touch,liquor,['L']
kill,average,['L']
step,role,['N']
grab,%,"['N', 'N', 'N', 'L']"
grasp,potential,['N']
fill,what,['N']
absorb,some,"['N', 'L', 'L']"
roll,move,['N']
escape,fear,['N']
grab,ring,['N']
attack,that,['N']
attack,Lie,['N']
roll,him,['N']
miss,factor,['L']
miss,facility,['L']
dissolve,injunction,"['N', 'N', 'L', 'L']"
kick,he,['N']
destroy,men,['N']
absorb,worker,"['L', 'L']"
examine,list,['L']
kill,372,['L']
strike,spacecraft,['L']
target,Majority,['N']
knock,light,['N']
sleep,guest,['L']
strike,stock,['L']
strike,target,"['L', 'L']"
drink,water,"['L', 'L', 'L', 'N']"
eat,lot,['L']
eat,crow,"['N', 'N']"
escape,plane,['L']
eat,kind,['L']
absorb,work,['N']
fill,bottle,['L']
strike,law,"['N', 'N', 'L']"
attack,mentality,['L']
strike,it,"['N', 'L', 'N', 'L']"
besiege,statehouse,['N']
fix,typographical,['L']
grab,seat,['L']
dance,bomba,['L']
destroy,reputation,['N']
fix,field,['N']
melt,wing,['L']
lend,$,"['L', 'L', 'L', 'L', 'L', 'L', 'L', 'L', 'L', 'L', 'L', 'L', 'L', 'L', 'L', 'L', 'L', 'L', 'L', 'L', 'L', 'L', 'L', 'L']"
drink,cold,['L']
drink,right,['L']
target,Union,['N']
fix,corroded,['N']
knock,brew,['N']
drag,Ranger,['L']
target,organism,['N']
touch,asset,['L']
target,that,['N']
grab,it,"['N', 'N', 'L', 'L']"
kill,%,['L']
target,SUBSIDIES,['N']
flourish,beneficiary,['L']
step,production,['N']
escape,slump,"['N', 'L']"
drink,it,"['N', 'N', 'L']"
flood,window,['N']
fix,flaw,['L']
escape,invasion,['L']
target,currency,['N']
fly,leg,['L']
miss,impact,['N']
grab,money,['N']
assault,marshal,['L']
fill,it,"['L', 'L']"
touch,material,['L']
fix,ceiling,['L']
pump,rhythm,['N']
destroy,thousand,"['L', 'L']"
kill,seven,['L']
attack,restrictiveness,['N']
destroy,value,['N']
miss,this,['L']
rest,readiness,['N']
smooth,ice,['L']
roll,IRA,['N']
strike,pill,"['N', 'N', 'L']"
roll,loan,['N']
smooth,some,"['N', 'N']"
miss,bus,['L']
touch,jitter,['L']
plant,land,"['N', 'L']"
absorb,supply,['L']
target,requirement,['N']
lend,momentum,['N']
plant,dozen,['N']
escape,Skaggs,['N']
lend,cello,['L']
attack,constitutionality,['N']
touch,bread,['L']
grab,spotlight,['L']
destroy,platform,"['L', 'L']"
destroy,document,"['L', 'L', 'L', 'L']"
grab,arm,['L']
eat,lunch,['L']
drink,drink,['L']
grasp,fact,"['N', 'L', 'L']"
plow,money,"['N', 'N', 'N', 'N', 'L']"
lend,itself,"['N', 'L']"
touch,$,['L']
drag,gold,['N']
destroy,450,['L']
touch,avalanche,['L']
kick,habit,"['N', 'N', 'L']"
fly,kite,['L']
smooth,contact,['N']
destroy,capitalism,['N']
examine,Questions,['N']
lend,fund,"['L', 'L']"
stick,themselves,['N']
roll,concept,['N']
melt,pot,['N']
kick,thing,"['N', 'N', 'N']"
pump,solvent,['L']
step,other,['N']
target,Democrats,['L']
destroy,plant,"['L', 'L', 'L']"
fix,Details,['N']
drink,beer,"['L', 'N', 'N', 'N', 'N', 'L', 'L', 'L', 'L']"
stick,growth,['N']
kick,dirt,['L']
flow,site,['L']
examine,issue,"['N', 'N', 'N', 'L', 'L', 'L']"
fly,weekend,['L']
kick,market,['N']
target,growth,"['N', 'L']"
pump,proceeds,['N']
absorb,shock,['N']
target,three,['N']
knock,stock,"['N', 'N', 'N', 'L', 'L', 'L', 'L']"
escape,schism,['N']
fill,air,['N']
escape,total,['N']
stick,CIT,['N']
sleep,pill,"['L', 'L']"
destroy,file,['L']
destroy,neighborhood,"['N', 'L']"
fill,book,['N']
miss,you,['N']
grasp,nature,['N']
target,California,"['L', 'N']"
fly,hour,"['N', 'L']"
plow,half,['L']
knock,estimate,['L']
touch,selling,['N']
target,stock,"['N', 'N', 'N']"
kick,Arnold,['N']
rest,couple,['N']
examine,option,"['N', 'L']"
kick,celebration,['N']
strike,covenant,['N']
escape,sanction,['N']
kill,anyone,['L']
pump,base,['N']
absorb,announcement,['L']
fill,vacuum,['N']
escape,taint,['L']
step,imbalance,['L']
escape,evaluation,['N']
knock,chimney,['N']
grab,customer,['N']
vaporize,advance,['N']
kill,20,['N']
escape,ceiling,['N']
step,pressure,"['N', 'N', 'N', 'N']"
pump,asset,['N']
lend,le,['L']
absorb,program,['L']
kill,those,['L']
fix,responsibility,['L']
besiege,Co,['N']
kill,Lifland,"['L', 'L']"
kill,teen-ager,['L']
eat,sausage,['L']
ride,boom,['L']
miss,excitement,['N']
sleep,100,['L']
touch,it,"['N', 'L', 'L']"
kill,girl,"['L', 'L']"
grab,station,['N']
examine,woman,['L']
target,200,['N']
touch,chord,"['N', 'N']"
flourish,coast,['L']
fix,that,['L']
kick,idea,['N']
plant,soybean,"['N', 'L', 'L', 'L', 'L', 'L', 'L', 'L', 'L']"
examine,reliability,['N']
miss,friend,['N']
pour,brew,['L']
attack,King,['L']
plant,all,['N']
escape,law,['L']
step,plane,['L']
cool,fan,['L']
flood,Congress,['N']
pump,chunk,['N']
touch,fear,"['N', 'N']"
stick,that,['N']
flood,district,['N']
plant,seedling,['L']
die,monk,['L']
fill,vacancy,"['L', 'L', 'L', 'L', 'L', 'L', 'L', 'L', 'L', 'L', 'L', 'L', 'L', 'L', 'L', 'L', 'L', 'L', 'L', 'L', 'L', 'L', 'L', 'L', 'L', 'L', 'L', 'L']"
kill,Jews,"['L', 'L', 'L']"
fix,some,['N']
attack,cook,['N']
step,sideline,"['N', 'L']"
fill,spot,"['L', 'L']"
escape,penalty,['N']
fill,screen,"['N', 'N', 'N']"
strike,ground,['L']
pour,it,"['L', 'L']"
play,piece,['L']
attack,snag,['L']
attack,panel,['N']
examine,kind,['N']
absorb,chili,['N']
ride,carefree,['L']
plant,grass,"['L', 'L']"
pour,lot,['L']
touch,crash,['N']
fix,price,"['L', 'N', 'N', 'N', 'N', 'N', 'L', 'L', 'L', 'L', 'L', 'L']"
fix,other,['N']
touch,bond,['N']
drag,Texaco,['N']
kick,Landau,['N']
knock,pole,['L']
knock,impala,['L']
kill,civilian,"['L', 'L', 'L']"
attack,way,['N']
lend,500,['L']
destroy,them,"['N', 'L', 'N', 'N', 'L']"
kick,ambassador,['N']
attack,prey,['N']
dissolve,Parliament,['N']
absorb,shortfall,"['N', 'N']"
lend,dollar,"['N', 'L', 'L']"
kill,one,"['L', 'L', 'L']"
dance,Twist,['L']
lend,two,['L']
kill,engineer,['L']
smooth,decline,"['N', 'N']"
examine,allegation,['L']
examine,cell,['L']
touch,fund,"['N', 'L']"
miss,Sinatra,['L']
kill,Pierce,['L']
absorb,revenue,['N']
pump,gallon,"['N', 'L']"
fly,class,['L']
flood,Euromarket,['N']
drink,coffee,"['L', 'L']"
plant,acreage,"['L', 'L']"
pump,it,"['N', 'N', 'N']"
grab,120,['L']
step,drive,['N']
grasp,neck,['L']
cool,growth,['N']
play,soccer,['L']
fix,others,['L']
assault,worker,['L']
drag,people,['N']
eat,propeller,['L']
drown,day,['N']
lend,themselves,"['N', 'N', 'N']"
absorb,foot,['L']
destroy,ozone,['L']
knock,female,['N']
pump,bullet,['N']
examine,colon,['L']
flourish,investment,['L']
examine,relation,['L']
wither,pressure,"['N', 'N']"
eat,sumptuously,['N']
step,communication,['L']
drag,FDA,['N']
flood,publication,['N']
plow,resource,['N']
fix,promise,['N']
strike,travel,['L']
attack,ACLU,['N']
drag,floor,['L']
smooth,movement,['N']
plant,spirit,['N']
destroy,clothes,['L']
kill,coalition,['L']
touch,rally,"['L', 'L']"
drown,who,['L']
flood,laboratory,"['N', 'N']"
kick,scandal,['N']
eat,cheese,['L']
drag,nest,['L']
miss,payment,"['L', 'L', 'L', 'L', 'L', 'L', 'L']"
plant,bomb,"['N', 'N', 'N', 'N', 'N', 'N', 'N']"
sleep,center,['N']
escape,sentence,['L']
destroy,foot,['L']
escape,family,['N']
strike,me,"['N', 'N', 'N', 'N', 'L']"
stick,We,"['N', 'N', 'L']"
attack,troop,['L']
fix,defect,"['L', 'L']"
target,inspection,['N']
pour,adviser,['N']
kill,dozen,['L']
absorb,increase,"['N', 'L']"
absorb,bond,['N']
examine,thrift,['L']
fill,900,['L']
grab,gold,['N']
attack,camp,"['L', 'L', 'L']"
eat,bacon,['L']
miss,beat,['L']
pump,won,['L']
escape,detection,['N']
kick,triumphant,['N']
fix,model,['L']
destroy,initiative,['N']
target,family,"['L', 'L']"
cool,inflation,"['N', 'N']"
stick,industry,['N']
plant,paragraph,['N']
pour,rain,"['N', 'N']"
roll,product,['N']
kill,officer,['L']
miss,shot,['L']
pump,Bambi,['N']
miss,Symphony,['L']
destroy,inventory,['L']
grab,sea,['L']
examine,legacy,['N']
destroy,copy,['N']
fly,plane,['L']
examine,Security,['L']
plant,it,"['N', 'N', 'N', 'L', 'L', 'L']"
rain,warhead,['N']
escape,driver,['N']
grasp,quandary,['N']
plow,land,['L']
grab,chunk,['N']
step,advertising,['N']
cool,that,['L']
smooth,tendency,['N']
flood,he,"['N', 'N', 'L']"
destroy,frame,['N']
drink,Pimm,['L']
flood,Office,['N']
attack,grandmother,['L']
fix,system,['N']
rest,attack,['L']
rain,moisture,['N']
eat,produce,['L']
fly,jet,['L']
absorb,firm,['N']
strike,part,['L']
ride,bicycle,"['L', 'L']"
roll,some,"['N', 'L']"
miss,$,['L']
examine,trading,['L']
stumble,home,['L']
kick,summit,['N']
strike,they,['L']
destroy,asset,"['N', 'L']"
pump,anger,['N']
pour,billion,['N']
grab,power,['L']
kick,pedestal,['N']
rest,head,['L']
flood,it,"['N', 'L']"
destroy,Homes,['L']
grab,viewer,['N']
destroy,accident,['L']
drown,official,['L']
escape,fact,['N']
stick,rest,['N']
fly,governor,['L']
fly,mission,['L']
kill,person,"['L', 'L']"
destroy,equivalent,['L']
step,marketing,['N']
drag,essay,['N']
plant,trailer,['N']
cool,iron,['L']
step,drumbeat,['L']
attack,journal,['N']
dissolve,parliament,"['N', 'N', 'L', 'L', 'L', 'L', 'L']"
smooth,peak,['N']
kill,plant,"['L', 'L']"
eat,Book,['L']
destroy,progress,['N']
drag,index,"['N', 'N', 'N', 'N', 'L', 'L']"
stumble,which,['N']
target,acquisition,['N']
examine,approach,['N']
stumble,underwriting,['L']
examine,aspect,"['N', 'N']"
grab,target,['N']
target,city,['N']
stick,sign,['N']
miss,target,['N']
strike,chord,"['N', 'N', 'N', 'N', 'N', 'L']"
target,industry,"['N', 'N', 'L', 'L']"
strike,executive,['L']
assault,liberal,['N']
miss,message,['L']
fill,coffer,['L']
flood,board,['N']
absorb,kind,['N']
absorb,MBB,['L']
kill,Many,['L']
cool,temperature,['L']
fill,Congress,['L']
roll,program,"['N', 'N']"
flood,NASD,['L']
examine,feasibility,"['N', 'N']"
assault,wife,['L']
attack,method,['L']
step,import,['N']
attack,vessel,"['L', 'L']"
smooth,trading,['N']
lend,home,['L']
knock,her,"['L', 'L']"
destroy,equipment,['L']
rest,charge,['N']
examine,link,['N']
destroy,cell,['N']
knock,missile,['N']
fly,color,['N']
fix,attention,['L']
drag,philosopher,['N']
miss,he,['L']
dissolve,marriage,"['N', 'N']"
target,turf,['N']
play,dog,['N']
examine,library,['L']
kick,kind,['N']
pour,tequila,['L']
drown,show,['N']
drag,sale,['N']
rest,Peterson,['L']
drink,bottle,"['N', 'L']"
smooth,deal,['N']
sleep,manager,['N']
touch,Reinsurance,['L']
target,Carter,['L']
fly,all,['L']
kick,signal,['N']
destroy,record,['L']
flood,Kowa,['N']
flow,more,['L']
knock,Symphony,['N']
examine,sample,['L']
roll,cheek,['L']
kill,concept,['N']
fly,mile,"['L', 'L', 'L', 'L', 'L', 'L', 'L', 'L', 'L', 'L', 'L', 'L', 'L', 'L', 'L', 'L', 'L', 'L', 'L', 'L', 'L', 'L', 'L', 'L', 'L', 'L', 'L', 'L', 'L', 'L', 'L', 'L', 'L', 'L', 'L', 'L', 'L', 'L', 'L', 'L', 'L']"
miss,chance,"['N', 'L', 'L']"
dance,samba,"['L', 'L']"
flood,York,"['N', 'N']"
eat,star,['L']
drag,accountant,['L']
absorb,many,"['N', 'N']"
grab,sale,['N']
attack,tanker,"['L', 'L']"
absorb,power,['L']
plant,device,['N']
destroy,it,"['N', 'N', 'N']"
grab,sack,['L']
fly,They,['L']
destroy,PCBs,['L']
lend,name,"['N', 'N']"
strike,company,"['N', 'L']"
assault,he,['L']
assault,building,['N']
step,appearance,['N']
target,person,['N']
ride,attack,['N']
attack,ball,['N']
destroy,codex,['L']
knock,lot,"['N', 'N']"
knock,itself,['L']
knock,value,"['L', 'L']"
target,black,['N']
ride,time,['L']
dissolve,pill,['L']
fill,some,['N']
knock,it,"['N', 'L', 'L']"
lend,other,"['L', 'L']"
stick,finger,['N']
attack,force,['L']
strike,Trainees,['L']
step,implementation,['N']
examine,fairness,['L']
grab,paddle,['N']
strike,pose,['N']
drink,amount,['N']
plow,which,['N']
sleep,hour,"['L', 'L', 'L']"
strike,people,['L']
smooth,problem,"['N', 'N', 'N']"
destroy,Savimbi,['L']
dissolve,tenet,['N']
strike,she,['N']
absorb,four-fifths,['N']
fix,dollar,['N']
examine,fundamental,['N']
dance,day,['N']
step,growth,['N']
examine,work,['L']
fill,report,['N']
strike,center,['L']
examine,compliance,['N']
fly,one,['L']
die,year,"['L', 'L', 'L']"
target,business,"['N', 'N', 'L', 'L', 'L']"
flow,foot,"['L', 'L', 'L', 'L', 'L']"
smooth,source,['N']
escape,controversy,['N']
attack,rate,['N']
knock,base,['N']
lend,overnight,"['L', 'L', 'L', 'L', 'L', 'L', 'L', 'L', 'L', 'L', 'L', 'L', 'L']"
examine,writing,['L']
escape,drought,"['L', 'L']"
absorb,$,"['N', 'N', 'N', 'N']"
attack,he,['N']
kill,itself,['N']
fill,order,"['N', 'N', 'L', 'L', 'L']"
dissolve,objection,['N']
miss,it,"['L', 'L', 'L', 'L', 'L']"
touch,label,['L']
drown,chant,"['N', 'L']"
pump,debt,['N']
examine,intelligence,['L']
touch,that,"['N', 'N']"
examine,participation,['N']
fill,portion,['N']
melt,Tens,['L']
plow,ground,['N']
knock,point,"['L', 'L']"
pump,concern,['N']
smooth,conflict,"['N', 'L']"
fill,tranche,['N']
step,liquidation,['N']
step,collaboration,['N']
dissolve,agency,['N']
cool,economy,"['N', 'N', 'N', 'N', 'N', 'N', 'N', 'N', 'N', 'N', 'N', 'N', 'N', 'N', 'L']"
examine,text,['L']
assault,street,['L']
eat,half,['L']
pump,drama,['N']
escape,decline,['N']
step,use,"['N', 'N']"
attack,recapitalization,['L']
absorb,sunlight,"['L', 'L']"
plow,acreage,['L']
examine,return,['L']
pour,300,['N']
absorb,acquisition,['N']
attack,trademark,['N']
roll,laptop,['N']
drown,everyone,['N']
fill,seat,"['N', 'L', 'L', 'L', 'L', 'L']"
melt,them,['L']
examine,relationship,"['N', 'N']"
examine,account,['L']
kill,louse,['N']
attack,program,['N']
grab,part,['L']
smooth,rift,"['N', 'N']"
flood,circuit,['L']
assault,African,['L']
roll,fund,['L']
touch,observer,['N']
dissolve,assembly,['N']
drag,way,['N']
cool,fear,"['N', 'N']"
grab,share,"['N', 'N', 'N', 'N', 'L', 'L', 'L', 'L']"
roll,round,['L']
grab,hand,"['N', 'L']"
pour,stream,['N']
drag,group,['N']
escape,degree,['L']
strike,change,['N']
attack,cartilage,['N']
cool,thing,"['N', 'N', 'N', 'L']"
kill,hijacker,['L']
miss,trick,['L']
lend,stock,['L']
absorb,setback,['N']
fly,shuttle,['L']
fix,school,['N']
ride,few,['L']
pour,water,"['N', 'N', 'L', 'L']"
fill,team,['N']
ride,publicity,['L']
miss,window,['L']
kill,UDAGs,['N']
play,role,"['N', 'N', 'N', 'N']"
dissolve,gallstone,"['L', 'L', 'L', 'L', 'L', 'L', 'L']"
pump,arm,['L']
kill,newspaper,['N']
grab,some,['N']
examine,uterus,['L']
drown,rippling,['N']
fill,movie,"['N', 'N']"
pump,price,"['N', 'N', 'L']"
target,It,['N']
miss,hint,['L']
dance,flamingo,['L']
touch,%,['N']
attack,Laboratory,['N']
stick,head,"['N', 'L']"
target,Court,['L']
absorb,third,['N']
absorb,incinerator,['N']
flood,CBS,"['N', 'N', 'L']"
besiege,me,['N']
touch,area,['N']
kill,attache,['L']
dance,tango,['N']
plow,lot,"['L', 'L']"
drown,critic,['N']
touch,debate,['L']
stick,death,['N']
plow,$,"['N', 'N']"
drink,scotch,['L']
target,sector,['N']
eat,piece,['L']
attack,appeal,['N']
touch,thing,['N']
touch,spurt,['N']
destroy,some,['L']
touch,dollar,['N']
kick,him,"['N', 'N', 'N', 'N', 'N', 'L']"
strike,listening,['N']
drink,just,['L']
destroy,job,"['N', 'N']"
kill,lot,['L']
rest,deposit,['L']
strike,Canseco,['N']
miss,segment,['L']
kick,round,['N']
fill,hole,"['N', 'N']"
fix,building,['N']
eat,coating,['N']
melt,adhesive,['L']
melt,most,['L']
fix,leak,"['L', 'L', 'L', 'L']"
absorb,liquid,['L']
stick,minority,['N']
attack,Socalists,"['N', 'N']"
grab,headline,"['N', 'N', 'L', 'L', 'L', 'L']"
examine,overstatement,['N']
knock,Pinochet,['N']
miss,virtuosic,['L']
flood,Researchers,['N']
ride,boat,['N']
stick,we,['N']
attack,practice,['N']
miss,boom,['N']
cool,need,['N']
fill,wish,['N']
touch,order,"['L', 'L']"
eat,entree,['L']
absorb,loss,"['N', 'N', 'N', 'N', 'N', 'N', 'N', 'N', 'N', 'N', 'L', 'L']"
attack,motif,['L']
fly,warplane,['L']
absorb,North,['N']
strike,child,['L']
absorb,half,['N']
knock,Kyprianou,['N']
attack,victim,['L']
grab,me,['N']
lend,claim,['L']
flood,university,['N']
target,Tietmeyer,['L']
strike,he,['N']
target,assistance,['N']
miss,mark,['N']
knock,block,['N']
destroy,civilization,['N']
besiege,port,['L']
pump,them,['N']
attack,country,['L']
escape,bid,"['L', 'L']"
fill,which,['L']
knock,Average,['N']
attack,proposal,['N']
flow,which,['L']
pour,criticism,['N']
strike,oil,['L']
touch,text,['N']
destroy,project,['L']
plow,million,['N']
eat,crop,['L']
knock,Jesse,['N']
drag,u,"['N', 'N']"
cool,relationship,['N']
grab,nitrogen,['N']
lend,another,['L']
target,cell,['N']
fix,case,['N']
kick,land,['N']
plant,crop,"['N', 'L', 'L', 'L', 'L']"
eat,percentage,['N']
miss,something,['N']
absorb,expense,['N']
target,user,['L']
kick,%,['N']
dissolve,Morris,['L']
pass,bill,['L']
drag,her,"['L', 'L']"
knock,them,"['N', 'N']"
eat,thallium,['N']
flow,eagerness,['L']
fill,void,"['N', 'N', 'N']"
fill,street,['L']
smooth,ups,['N']
attack,system,"['N', 'N']"
strike,statute,['N']
plant,notion,['L']
attack,unemployment,['N']
attack,part,['L']
knock,tile,['L']
fix,charge,['L']
absorb,manpower,['N']
absorb,them,"['N', 'L', 'L', 'L']"
step,lending,['L']
knock,price,"['N', 'N', 'L', 'L', 'L']"
attack,cell,"['N', 'N']"
cool,ardor,['N']
knock,project,['N']
kick,they,['N']
cool,trend,['N']
drink,what,['L']
cool,report,['N']
knock,Met,['N']
drink,gallon,['N']
target,change,['N']
eat,shellfish,['L']
target,country,['N']
destroy,operation,['L']
roll,it,"['N', 'N']"
drag,hero,['L']
roll,number,['N']
step,base,['N']
pour,gallon,['L']
step,line,['N']
miss,cliche,['N']
pour,peseta,['N']
smooth,rise,"['N', 'L', 'L']"
plow,%,"['N', 'N']"
destroy,well,['L']
cool,demand,['N']
miss,show,['L']
touch,capital,['L']
dissolve,which,['N']
destroy,Africa,['N']
fix,truck,['L']
fill,pipeline,['N']
kick,them,['N']
eat,confection,['L']
dissolve,Gallstones,['L']
target,niche,"['N', 'N']"
examine,program,['L']
ride,bike,"['L', 'L']"
lend,total,['L']
lend,machine,['N']
strike,base,['L']
flood,economy,"['N', 'N']"
kick,cloud,['L']
fix,jury,['N']
touch,someone,['N']
target,area,['N']
destroy,image,['N']
knock,command,['N']
roll,something,['L']
target,issue,['N']
smooth,disruption,['N']
kill,two,['L']
absorb,news,"['N', 'N']"
plow,all,['L']
escape,number,['N']
lend,cash,['L']
destroy,Party,"['N', 'N']"
kill,188,['L']
target,Commission,['N']
grasp,conferred,['N']
grab,woman,['N']
plant,half,['L']
pump,that,['N']
drink,whisky,['L']
cool,market,"['N', 'N', 'N', 'N', 'N', 'N', 'N']"
plow,train,"['N', 'N']"
drink,mixer,['L']
dissolve,company,['N']
knock,Spinks,['N']
escape,prison,['L']
miss,thing,['L']
touch,yen,['N']
examine,It,['N']
drink,vodka,"['L', 'L']"
escape,rate,['L']
flood,Patent,['N']
escape,stigma,['N']
kill,motivation,['N']
knock,part,['L']
target,citizen,['L']
fly,them,"['L', 'L']"
drag,profit,['N']
attack,stronghold,['L']
drag,Index,['N']
eat,shoot,['L']
grab,reporter,['N']
flood,Thailand,['N']
fill,form,['N']
pump,Water,['L']
touch,60,['N']
strike,agreement,"['N', 'L']"
fill,slot,['L']
grab,jar,['N']
grasp,way,['L']
lend,support,"['N', 'N', 'N', 'N', 'N', 'L', 'L']"
pass,U.S.,['N']
examine,complaint,['N']
dance,storm,"['L', 'L']"
roll,loss,"['N', 'N', 'N']"
smooth,restructuring,['N']
cool,spending,"['N', 'L']"
ride,earnings,['N']
drink,beverage,"['L', 'L', 'L']"
target,campaign,['N']
absorb,that,['N']
melt,opinion,['N']
grab,member,"['N', 'N']"
eat,thing,['L']
attack,Gephardt,['N']
cool,expectation,['N']
grab,All,['L']
pump,franc,['N']
eat,model,['L']
absorb,space,['N']
pump,business,['L']
examine,decision,['N']
examine,file,['L']
strike,U.S.,['L']
attack,tumor,['N']
roll,car,['N']
attack,Bush,"['L', 'L', 'L']"
assault,side,['N']
smooth,drop,['L']
target,technology,['N']
kick,me,"['L', 'N']"
target,school,['N']
lend,financing,['L']
lend,credibility,['N']
eat,cream,"['N', 'L']"
destroy,reef,['L']
destroy,they,"['L', 'L']"
examine,material,"['L', 'L']"
eat,fish,"['L', 'L']"
cool,heel,"['N', 'N']"
absorb,light,"['L', 'L']"
smooth,edge,['N']
fill,stage,['N']
stick,needle,['L']
eat,tomato,['N']
smooth,performance,['N']
kill,115,"['L', 'L']"
kick,journalist,['L']
strike,country,['L']
dissolve,accord,['N']
absorb,one,['N']
attack,Embassy,"['L', 'L', 'L']"
touch,explosion,['L']
knock,people,['N']
plant,noir,['L']
strike,contract,['L']
drag,which,"['N', 'N']"
strike,arrangement,"['N', 'N']"
kick,as,"['N', 'N']"
kill,ul-Haq,['L']
melt,little,['N']
pour,champagne,['N']
fly,airplane,['L']
strike,individual,['N']
strike,security,['N']
escape,notice,"['N', 'N', 'L']"
absorb,punishment,['L']
dissolve,order,"['L', 'L', 'L']"
target,people,['N']
roll,minijet,['L']
fill,house,"['N', 'N']"
kick,prisoner,['N']
miss,opportunity,"['N', 'N', 'N', 'N', 'N', 'L', 'L', 'L']"
drag,party,['N']
strike,investor,['L']
grab,contract,['L']
absorb,immigrant,['L']
eat,cereal,"['L', 'L']"
miss,session,['L']
flood,body,"['N', 'N', 'N', 'N']"
eat,layer,['N']
absorb,force,['N']
examine,trust,['L']
touch,picture,['L']
flood,mail,['L']
rest,fear,['N']
pour,chunk,['L']
escape,pocket,['N']
escape,exposure,['L']
escape,taxation,"['N', 'N']"
stick,it,"['N', 'L']"
fly,flight,['L']
grasp,custom,"['L', 'L']"
pump,economy,"['N', 'N', 'N']"
kill,official,['L']
fix,dish,['L']
roll,press,"['L', 'L']"
attack,headquarters,['L']
touch,pact,['L']
besiege,hotel,"['L', 'L']"
examine,it,"['L', 'L']"
examine,possibility,['N']
drown,number,['L']
eat,them,"['N', 'N']"
drink,cup,"['N', 'N', 'N', 'L']"
grab,attention,"['N', 'L', 'L', 'L', 'L', 'L', 'L']"
touch,problem,['N']
pour,pollster,['L']
examine,value,['L']
lend,amount,['L']
miss,bit,['L']
eat,tube,['L']
knock,asunder,['L']
kick,stuffing,['N']
drink,tea,"['L', 'L']"
escape,Cuba,['L']
step,challenge,['N']
kill,sailor,"['L', 'L']"
destroy,plan,['N']
escape,form,['N']
dissolve,pact,['L']
examine,problem,"['N', 'N']"
grasp,information,['N']
escape,flame,['N']
attack,provision,['N']
knock,pfennig,"['L', 'L']"
step,volume,['N']
knock,leg,['L']
pour,side,['N']
miss,crack,['L']
strike,Stark,['L']
miss,point,"['N', 'N', 'N', 'N', 'N', 'N', 'L', 'L', 'L', 'L', 'L']"
besiege,SCHOOLS,['N']
dance,hokey-pokey,"['L', 'L']"
miss,sale,['L']
melt,color,['N']
strike,ordinance,['L']
flourish,drawing,['N']
destroy,business,"['N', 'N', 'L']"
stick,It,['L']
touch,who,['N']
touch,people,['N']
touch,boom,"['N', 'N']"
grab,Concorde,['N']
strike,conclusion,['N']
escape,Walsh,['N']
kick,tonight,['N']
target,airplane,['N']
pour,million,"['N', 'N', 'N', 'N', 'N']"
kick,F-16s,['L']
destroy,link,['L']
fix,kettle,['L']
pump,result,['N']
ride,nose,['N']
absorb,lot,"['N', 'N']"
absorb,mark,['L']
drag,block,['L']
kill,hundred,['L']
roll,jam,['N']
fly,foreigner,['L']
kick,drive,['N']
plant,bean,['L']
plant,sign,"['N', 'N']"
kick,giant,['N']
cool,rally,"['N', 'N']"
fix,process,['L']
drink,soda,['N']
strike,mill,"['L', 'L']"
kick,Gaitskill,['N']
destroy,minute,['L']
examine,settlement,['L']
destroy,most,['L']
examine,certificate,['L']
escape,cost,['L']
kill,586,['L']
dissolve,it,"['L', 'L']"
grasp,nettle,"['L', 'L']"
examine,bid,['N']
absorb,share,"['N', 'L']"
attack,solution,['N']
kill,guerrilla,['L']
fly,old,['L']
target,more,['N']
grasp,irony,['N']
kill,him,"['L', 'L', 'L']"
lend,one,['L']
examine,proposal,"['L', 'L']"
miss,week,['L']
examine,violation,['L']
assault,audience,['N']
miss,concert,['L']
miss,class,"['L', 'L', 'L']"
drag,average,['N']
drag,stock,['N']
dissolve,that,['L']
attack,decision,"['L', 'L']"
miss,solution,['N']
smooth,those,['N']
kick,butt,['N']
knock,him,['N']
target,crime,['N']
fill,court,['N']
pump,iron,"['N', 'N']"
kill,goose,['N']
grasp,reality,['N']
cool,residence,['L']
ride,train,"['N', 'L']"
miss,camp,['L']
target,audience,"['N', 'L']"
plant,much,['L']
drag,growth,['N']
fly,25,['L']
smooth,volatility,"['N', 'N', 'L']"
fix,rate,"['N', 'N', 'L', 'L', 'L', 'L', 'L', 'L']"
evaporate,ahead,['N']
examine,way,"['N', 'L']"
pump,air,['L']
examine,research,['L']
fly,trip,['L']
drink,barrel,['L']
target,which,['N']
target,incentive,['N']
eat,pie,['N']
eat,meal,"['L', 'L']"
attack,Democrats,"['N', 'L']"
examine,attitude,['L']
rest,notion,['N']
target,district,['N']
drag,history,['N']
eat,him,['N']
grab,child,['L']
flood,Most,['L']
fill,page,"['N', 'N']"
melt,him,['N']
kill,minister,['L']
pass,Act,['L']
lend,money,"['L', 'L', 'L', 'L', 'L', 'L', 'L', 'L', 'L', 'L', 'L', 'L', 'L', 'L', 'L', 'L', 'L', 'L', 'L', 'L', 'L', 'L', 'L', 'L', 'L', 'L', 'L', 'L']"
examine,patient,['N']
smooth,cyclicality,['L']
rest,concern,['N']
knock,capacity,['L']
strike,One,"['N', 'L']"
strike,She,['L']
wither,support,['N']
attack,tree,['N']
knock,Grinde,['L']
kill,16,['L']
attack,plan,"['N', 'L']"
absorb,balance,['N']
kill,astronaut,"['L', 'L']"
drown,message,['N']
destroy,party,['N']
die,who,['L']
kill,32,['L']
miss,him,"['L', 'L']"
escape,bailout,['L']
plant,chokecherry,['L']
attack,him,"['N', 'L', 'L', 'L']"
eat,pill,['L']
examine,study,['N']
kick,plan,['N']
eat,%,['N']
miss,picture,['L']
fix,cut,['L']
assault,people,['N']
cool,tower,['L']
target,airport,['N']
knock,dollar,"['N', 'L']"
attack,base,['L']
miss,what,['L']
absorb,thrift,['N']
absorb,Shocks,['N']
fly,time,['L']
attack,contradiction,['N']
examine,activity,['L']
pump,spread,['N']
knock,barrier,['N']
grab,throat,['L']
absorb,all,"['N', 'N']"
miss,trend,['N']
absorb,it,"['N', 'N']"
die,laughing,['N']
kill,five,['N']
grab,hold,"['N', 'L']"
pump,life,"['N', 'N', 'L']"
attack,market,"['N', 'N', 'L']"
cool,enthusiasm,['N']
ride,trend,['L']
fly,body,['L']
target,reader,['N']
target,plan,['N']
knock,team,['N']
attack,treatment,['N']
touch,panic,['N']
grasp,which,['L']
play,manufacturer,['N']
ride,success,['N']
absorb,reserve,['N']
kick,u,"['N', 'N']"
target,Midwest,['N']
attack,target,"['L', 'L', 'L', 'L', 'L']"
attack,economy,['N']
step,plan,['N']
drag,lady,['L']
pump,capital,['N']
eat,hat,['N']
ride,Amtrak,['L']
touch,them,"['L', 'L']"
cool,momentum,['N']
fill,silence,['N']
escape,detention,['L']
rest,hand,['L']
examine,people,['N']
kick,dog,['N']
pour,aid,['N']
strike,one,['N']
flood,broadcast,['N']
destroy,industry,['N']
drink,dose,['L']
stick,customer,['N']
strike,balance,"['N', 'N', 'L', 'L']"
kill,290,['L']
fly,him,['L']
eat,soul,['N']
pour,glass,"['L', 'L']"
fix,deadline,['L']
melt,container,['L']
absorb,penalty,['L']
touch,demand,['L']
attack,ship,"['L', 'L', 'L', 'L']"
kill,member,['N']
drink,liquor,"['L', 'L']"
plant,one-tenth,['L']
miss,offer,['L']
ride,move,['L']
kill,parent,['L']
drag,lot,['L']
lend,aid,['N']
fix,eye,['N']
pour,word,['N']
step,selling,['N']
attack,arsenal,['N']
step,scrutiny,['N']
attack,governor,"['N', 'N']"
play,part,['N']
examine,Union,['N']
kill,people,"['L', 'L', 'L', 'L', 'L', 'L', 'L', 'L', 'N', 'N', 'L', 'L', 'L', 'L', 'L', 'L', 'L', 'L', 'L', 'L', 'L', 'L', 'L', 'L', 'L', 'L', 'L']"
fill,magazine,['N']
drag,corps,['N']
rest,8,['N']
touch,coat,['L']
eat,salad,"['L', 'L']"
absorb,moisture,['L']
eat,gumbo,['L']
dissolve,venture,"['L', 'L', 'L']"
plow,plane,['N']
attack,town,['L']
kill,child,['N']
flood,People,['L']
strike,them,['L']
drink,drug,['L']
examine,connection,['N']
kill,communist,['L']
play,harp,['L']
besiege,acre,['N']
destroy,opportunity,['L']
plow,cemetery,['L']
roll,It,['N']
plant,potato,['L']
examine,Irving,['L']
attack,Icahn,['N']
plow,terrain,['N']
eat,portion,['L']
examine,charge,['L']
sleep,night,['L']
kick,I,['L']
examine,strategy,['N']
roll,%,['N']
drink,Scotch,['L']
stick,neck,['N']
examine,request,['N']
smooth,slide,['L']
drink,which,['L']
drag,they,['N']
fill,play,['N']
kill,who,['L']
ride,rally,['L']
attack,we,['N']
step,campaign,['L']
fill,term,"['L', 'L']"
lend,we,['L']
touch,low,"['N', 'N', 'L']"
drink,himself,"['N', 'L', 'L']"
flood,world,['L']
miss,promotion,['N']
attack,Union,['N']
miss,rally,"['L', 'L']"
destroy,7,['L']
fix,them,"['L', 'L']"
pump,defense,['N']
grab,portion,['N']
miss,connection,['L']
dissolve,government,['N']
kill,plan,"['N', 'N']"
lend,000,['L']
pump,market,['N']
examine,area,['L']
fill,fleet,['N']
grasp,hand,"['N', 'L', 'L']"
pump,capacity,['L']
drink,toast,"['L', 'L']"
rest,himself,['L']
knock,communication,['N']
miss,move,['L']
dance,dance,['L']
kick,satellite,['N']
touch,water,['L']
miss,much,['N']
attack,neighborhood,['L']
destroy,layer,"['L', 'L', 'L']"
kill,offer,['N']
plant,melon,['L']
fix,device,['L']
flood,system,"['N', 'L']"
escape,effect,['N']
besiege,kingdom,['N']
miss,call,['L']
kill,26,['L']
drink,Vodka,['L']
escape,finding,['L']
lend,hand,"['N', 'N']"
cool,attitude,['N']
fly,route,"['L', 'N', 'L', 'L']"
lend,107,['L']
attack,report,['N']
eat,rule,['N']
absorb,bulk,['N']
strike,time,['L']
ride,horse,['L']
target,shopper,['N']
strike,plan,"['N', 'L']"
fly,A-6,['L']
target,group,['N']
examine,job,['L']
dissolve,firm,"['L', 'L', 'L', 'L']"
rest,perception,['N']
assault,stronghold,['N']
pump,reserve,"['N', 'N', 'N']"
step,merry-go-round,['L']
kill,request,['N']
grab,event,['N']
attack,Dukakis,"['L', 'L', 'L']"
attack,other,['L']
strike,Corp.,['L']
examine,name,['N']
drag,tree,['N']
kick,tire,"['N', 'L']"
fly,it,['L']
absorb,community,['N']
step,acquisition,['L']
strike,India,['L']
escape,while,['L']
miss,thrill,['L']
lend,them,['L']
rest,much,['N']
flood,foundation,['N']
attack,synagogue,['L']
smooth,condition,['N']
destroy,labor,['N']
attack,policy,['L']
drink,%,"['L', 'L']"
knock,York,['N']
examine,effect,"['N', 'N']"
destroy,administration,['N']
strike,duck,['N']
eat,pizza,['L']
step,training,['N']
pump,$,"['N', 'N', 'N', 'N', 'N', 'N', 'N', 'N', 'L']"
grab,dish,['N']
destroy,foundation,['N']
escape,gas,['N']
attack,administration,['N']
grab,market,"['N', 'N', 'N']"
ride,crisis,['N']
target,consumer,"['N', 'N']"
knock,ratio,['N']
absorb,blow,"['N', 'N']"
examine,topic,['L']
attack,convoy,['L']
fill,position,"['N', 'L', 'L', 'L', 'L', 'L', 'L']"
smooth,return,['N']
drown,it,['N']
smooth,level,['N']
escape,reliance,['N']
eat,showing,['N']
plant,6,"['L', 'L']"
destroy,economy,"['N', 'N', 'N']"
destroy,acre,['L']
fill,investor,['N']
step,collection,['L']
attack,neighbor,['L']
kill,seaman,['L']
pour,resource,"['N', 'N', 'L']"
dissolve,structure,['L']
fill,his,['N']
knock,hat,['L']
absorb,influx,['N']
roll,dice,"['N', 'N', 'L']"
miss,goal,"['N', 'N']"
roll,rule,"['N', 'L']"
fill,board,['L']
strike,blow,"['N', 'L']"
grasp,them,['N']
flow,many,['N']
pour,molasses,['L']
plant,beeper,['N']
strike,dirt,['N']
dance,version,['L']
escape,pressure,['L']
flood,Rostenkowski,['L']
escape,shadow,['N']
examine,content,['L']
miss,start,['L']
escape,interceptor,['N']
miss,appearance,['L']
drown,sound,['N']
drown,him,['N']
lend,%,"['L', 'L', 'L', 'L', 'L']"
step,pursuit,['N']
smooth,thing,"['N', 'N']"
escape,virus,['N']
target,crowd,['N']
drink,ounce,['L']
pump,barrel,"['L', 'N', 'N', 'N', 'N']"
kill,navigator,['L']
attack,Stalin,['N']
eat,convention,['L']
fill,statement,['N']
examine,alternative,"['N', 'N', 'N', 'L', 'L', 'L']"
smooth,sand,['L']
knock,number,['L']
touch,revenue,['N']
smooth,flow,"['N', 'N']"
fill,pint,['L']
drink,Bud,['L']
fix,number,['L']
drink,wine,"['L', 'L', 'L']"
sleep,while,['L']
kill,panel,['N']
attack,Robertson,['N']
kick,a,['N']
flood,We,"['N', 'L']"
grab,phone,['L']
grab,tiara,['L']
touch,land,['L']
escape,clutch,"['N', 'L']"
fill,theater,['N']
ride,coaster,['L']
plant,corn,"['L', 'L', 'L']"
kill,son,['L']
drink,Coke,['L']
escape,responsibility,['L']
target,hospital,['L']
examine,computer,['L']
roll,sleeve,"['N', 'N', 'N']"
dance,salsa,"['L', 'L']"
kick,heck,['N']
roll,tax,['N']
examine,hospital,['L']
target,company,"['N', 'N']"
kill,pilot,['N']
flood,that,"['N', 'N']"
knock,someone,['N']
miss,insult,['L']
escape,poverty,['N']
miss,some,['N']
eat,it,"['L', 'N', 'L', 'L', 'L', 'L']"
miss,home,['L']
absorb,capacity,['L']
touch,investigation,"['N', 'L']"
touch,woman,['N']
knock,equipment,['N']
target,anger,['N']
strike,limit,['L']
touch,money,['L']
examine,vase,['L']
escape,cut,['L']
attack,personality,['N']
roll,log,['L']
kill,it,"['N', 'N', 'N']"
eat,snail,"['L', 'L', 'L']"
drag,bottle,['L']
examine,thunderstorm,['N']
escape,brainwashing,['L']
examine,future,['N']
step,spending,['N']
absorb,teaching,['N']
drink,alcohol,"['L', 'L']"
dissolve,Church,['N']
eat,grass,['L']
destroy,Atlanta,['N']
smooth,policy,['N']
absorb,Church,['N']
fix,term,['L']
escape,condition,['L']
plow,profit,"['N', 'N', 'N', 'L']"
attack,record,['L']
flood,court,"['N', 'N']"
touch,sector,['N']
kick,spree,['N']
destroy,half,['L']
plant,that,['N']
pump,circulation,['N']
kick,We,['N']
lend,perspective,['N']
touch,speculation,['L']
examine,them,"['L', 'L', 'L']"
knock,job,['N']
attack,problem,"['N', 'N', 'N', 'L']"
ride,wave,"['N', 'N']"
dance,which,['N']
strike,market,"['L', 'L']"
besiege,Today,['N']
fill,that,['N']
grab,mileage,['N']
grab,chicken,['N']
attack,one,"['N', 'N']"
pour,paraffin,['L']
attack,Lorenzo,['N']
eat,$,['N']
roll,camcorder,['N']
grab,payload,['L']
attack,psyche,['N']
sleep,light,['N']
destroy,drone,['L']
smooth,affair,['N']
lend,service,['N']
strike,friendship,['N']
pour,acid,['L']
destroy,bid,['N']
cool,rod,['N']
kill,cell,"['L', 'L']"
examine,record,"['N', 'L', 'L', 'L']"
lend,anything,['L']
kill,other,['L']
smooth,they,['N']
plant,idea,['N']
escape,tax,"['N', 'N', 'N', 'N', 'N', 'L', 'L']"
pour,potion,['L']
lend,direction,['N']
plant,they,['L']
grasp,message,['L']
lend,fleet,['L']
pump,job,['N']
pour,thousand,['N']
flow,time,['N']
examine,announcement,['L']
eat,profit,['N']
fix,problem,"['N', 'N', 'N', 'N', 'N', 'N', 'L', 'N', 'N', 'L', 'L', 'L']"
kick,heel,['L']
step,attack,"['N', 'N', 'N', 'N', 'L', 'L']"
roll,frontier,"['N', 'N']"
attack,Tokyo,['N']
strike,profile,['L']
dissolve,blood,['L']
pass,thousand,['N']
kick,leg,"['N', 'L']"
destroy,Vietnam,['L']
escape,payment,['L']
escape,welfare,['N']
smooth,swing,"['N', 'N']"
fill,one,['L']
pour,drink,['N']
kill,agency,['N']
absorb,inventory,['N']
plant,third,['L']
attack,Airport,['L']
kill,Stark,['L']
examine,member,['L']
step,war,"['N', 'N']"
examine,bill,['L']
fix,unit,['L']
touch,rebound,['L']
strike,editor,['N']
pump,revenue,['N']
attack,queen,['N']
roll,Thundervolt,['N']
plant,acre,"['L', 'L', 'L', 'L', 'L']"
plow,field,"['N', 'L']"
escape,vortex,['N']
escape,Enrile,['N']
attack,fee,"['L', 'L']"
dance,some,['L']
attack,demonstrator,"['L', 'L']"
flood,shelf,['N']
plant,flag,"['N', 'N']"
absorb,tariff,['N']
absorb,sulfur,['L']
strike,deal,"['N', 'N', 'N', 'N', 'N', 'N', 'N', 'N', 'N', 'L', 'L', 'L', 'L']"
flood,reporter,['N']
escape,most,['L']
drink,Corona,['L']
cool,Farenheit,['L']
fix,expenditure,['N']
attack,presence,['N']
drag,them,"['L', 'L']"
touch,controversy,['L']
absorb,Most,['N']
examine,each,['L']
besiege,Banner,['N']
absorb,boost,['L']
besiege,day,['N']
strike,nerve,['N']
kick,phase,['N']
dissolve,Engineering,['N']
assault,right,['L']
attack,merit,['N']
fix,offer,['N']
flood,agency,['N']
roll,tongue,['N']
absorb,Stevens,['N']
examine,data,"['L', 'L']"
smooth,fluctuation,"['N', 'N']"
grab,handcuff,['L']
flood,area,"['N', 'L', 'L']"
touch,state,['N']
escape,shear,"['L', 'L']"
dissolve,Assembly,"['L', 'L', 'L', 'L', 'L', 'L']"
step,pace,['N']
fill,agenda,['L']
eat,breakfast,"['N', 'L', 'L', 'L', 'L']"
examine,ability,['N']
strike,youth,['L']
escape,hybrid,['L']
roll,landslide,['N']
examine,face,['L']
touch,session,['L']
pour,cognac,['L']
flood,list,['L']
kill,program,"['N', 'N', 'N']"
eat,leaf,['N']
absorb,those,['L']
knock,economy,['L']
fill,opening,"['N', 'L']"
drink,whiskey,"['N', 'L']"
drink,Chablis,['L']
flourish,parameter,['N']
wither,crop,"['L', 'L']"
drink,card,['L']
smooth,value,['N']
kill,youth,['L']
kick,her,['N']
target,fund,['N']
dissolve,parent,['N']
drag,earnings,"['N', 'L']"
attack,person,['N']
strike,voter,['N']
eat,peanut,['L']
examine,horse,['L']
escape,fighting,['L']
escape,liability,"['N', 'N']"
play,circle,['N']
eat,themselves,"['L', 'N', 'N']"
roll,container,['L']
examine,offer,['L']
grasp,concept,['N']
step,he,['N']
touch,ground,['L']
fly,outside,['L']
grab,mitt,['L']
rest,treatment,"['L', 'L']"
step,president,['N']
target,equipment,['L']
destroy,facility,['L']
plant,endive,['N']
strike,fear,"['N', 'N']"
fix,odds,['L']
pump,money,"['N', 'N', 'N', 'N', 'N', 'N', 'N', 'N', 'N']"
besiege,he,['N']
examine,substance,['L']
grasp,nuance,['L']
strike,root,"['N', 'N']"
fly,aircraft,"['L', 'L', 'N']"
examine,worker,['L']
drag,market,"['N', 'N', 'N', 'L']"
fix,car,['L']
examine,ration,['L']
sleep,it,['L']
flood,market,"['N', 'N', 'N', 'N', 'N', 'N', 'N', 'N', 'N', 'N', 'L', 'L', 'L', 'L', 'L', 'L', 'L', 'L']"
target,hundred,['N']
step,door,['L']
escape,amount,['L']
kill,crewman,['L']
dissolve,drug,['L']
escape,onslaught,['L']
step,call,['N']
smooth,move,['N']
strike,day,['L']
plant,some,['N']
pour,fortune,['N']
examine,information,"['L', 'L']"
plant,most,['N']
attack,Khost,['L']
fill,booster,['N']
fill,gap,"['N', 'N', 'N']"
strike,match,['L']
kick,rally,"['N', 'N', 'N']"
pour,cash,['N']
destroy,being,['L']
fill,plane,['L']
escape,ban,['N']
ride,storm,['N']
knock,me,"['N', 'L']"
rest,government,['N']
drink,quantity,['N']
destroy,missile,"['L', 'L', 'L', 'L', 'L', 'L', 'L']"
besiege,bureaucrat,['N']
pump,gas,"['L', 'L']"
eat,salsa,['N']
touch,issue,['L']
rest,doubt,['L']
escape,censure,['N']
kill,woman,['L']
examine,death,['L']
plow,road,['L']
cool,it,"['N', 'L', 'L']"
stick,consumer,['N']
absorb,activity,['N']
escape,combat,['N']
eat,minute,['N']
knock,brick,['L']
absorb,more,"['N', 'L', 'L']"
miss,aspect,['L']
grab,knife,['L']
strike,post,['L']
absorb,quantity,"['L', 'L']"
grab,him,"['N', 'L']"
dance,movement,['N']
flow,back,['N']
drink,juice,['L']
destroy,enterprise,['N']
pour,can,['N']
miss,Brian,['L']
kill,serviceman,['L']
smooth,relationship,['N']
pump,action,['L']
stick,You,['N']
kick,pile,['L']
lend,sum,"['L', 'L', 'L']"
kill,Messrs,['L']
escape,routine,['N']
examine,Cashways,['N']
destroy,hope,"['N', 'L']"
grab,snack,['L']
pump,deficit,['N']
miss,Monthly,['L']
destroy,deal,['N']
touch,drop,['N']
knock,window,['L']
examine,application,['L']
destroy,building,['L']
dance,pa,"['L', 'L', 'L']"
drag,dollar,"['N', 'N', 'L']"
touch,nerve,['L']
destroy,%,['L']
attack,deduction,['L']
smooth,difference,"['N', 'L']"
examine,food,['L']
knock,vehicle,['L']
roll,trouser,['N']
attack,prosecutor,['N']
ride,coattail,"['N', 'N', 'N', 'N']"
knock,third,['N']
attack,elite,['L']
flood,office,"['N', 'N', 'N', 'N', 'N', 'L', 'L']"
roll,margin,['N']
grasp,magnitude,['L']
plow,fund,['N']
kill,baby,['L']
examine,witness,"['L', 'L']"
fix,malfunction,['L']
destroy,one,['L']
miss,one,"['N', 'L']"
escape,increase,['N']
dissolve,stone,['L']
grab,stewardess,['L']
fill,station,['L']
grab,buyer,['N']
rest,decision,['N']
kill,all,"['L', 'N']"
kick,broadcaster,['N']
examine,policy,"['L', 'L']"
absorb,majority,"['N', 'N']"
touch,response,['L']
target,him,['L']
